id,text,user_name,user_handle,timestamp,collected_at,retweet_count,reply_count,like_count
1850582695644139994,"진짜 넘 좋아요... 에헤헤바카쟈나이노라니이이 바카라고 해도 타격 없으실 것 같은 아버님... 그치만 은 스스로를 도둑넘이라고 생각하고 있기에 잘 보이고 싶다고 해요..
의외로 천재 ㅋㅋ쿠ㅠㅠ 하지만 특촬물배우면 미레이가 좋다면 오케이인데... 미레이네 부모님 눈치를 살짝 봐요",민트당근,@minteudang,2024-10-27T16:57:51.000Z,2024-10-28T03:13:43.941003,0,1,0
1850564359547994240,"온라인바카라총판모집 최대커미션 60% 드리고 있으며 텔레그램 
@casino82
 온라인바카라총판모집, 온라인바카라총판 문의 한다고 글 남겨주시면 됩니다. 귀사에서는 호게이밍, 에볼루션, 프라그마틱(라이브,슬롯), SA게임, 마이크로게이밍, 아시아게이밍, 비보게이밍 등등 취급하고 있습니다.",우리카지노 총판모집 맞팔100%,@wooricasino7777,2024-10-27T15:44:59.000Z,2024-10-28T03:13:43.974320,0,0,0
1850544208245084284,"겸사공부용으로 일본어 자막도 보는중. (릭모아니메때문에 일더빙 나올 거라고 기대했었는데 :3)
-707의 일본어 자막은 오지쨩노 바카라고 되었다. 
-관련이 있나 시즌 7 전반적으로 trust가 많이 나왔넹. 
-모티가 자기 믿으라고 할 때 릭이 눈감아서 눈 안마주침.",()슈위프티,@Rickortty_,2024-10-27T14:24:55.000Z,2024-10-28T03:13:44.006500,1,0,5
1850543466163691547,"가입첫30퍼 
매일첫10, 돌발20퍼 
다양한 실시간 안전한메이저
안전을 최우선으로
http://pf.kakao.com/_ijzxhn/chat
누르시고 대화해주세요.
기프티콘 이벤트 중.
#슬롯 #먹튀검증 #먹틔폴리스 #토토 #온라인토토 #스포츠벳 #바카라 #블랙잭 #대리토토 
#댈토 #미자 #급전 #놀이터 #카지노 #온라인카지노",안전 메이저 사이트,@RKutynia31114,2024-10-27T14:21:58.000Z,2024-10-28T03:13:44.039034,0,0,0
1850530186120319143,"그래도 이걸로 게임 같은 건 많이 해 봤으니까? 원 카드, 포커, 블랙잭, 바카라, 도둑잡기~",網屋 明,@Vtual_AM,2024-10-27T13:29:12.000Z,2024-10-28T03:13:44.071013,0,0,0
1850527192901640280,"*꽁머니* 카지노사이트 전원 꽁머니3만 지급!!  환전가능!!  절대안전 . . 꽁머니O / 베팅제재X . . 
  문자인증 간편가입
 구글검색 : 스카이파크 
 구글검색 : 스카이파크 
#승인전화없는꽁머니 #환전가능한꽁머니 #먹튀검증
#바카라",장원영,@WonYeong90686,2024-10-27T13:17:18.000Z,2024-10-28T03:13:44.102125,0,0,0
1850521516330688816,"1xbet에서 바카라와 같은 라이브 카지노에서 새로운 게임을 찾아보세요 온라인 베팅에서 쉽게 승리하는 방법 #1xbet, #1xbet66, #1xbetkorea, #1xbetkorean, #1xbetonline, #1xbet주소, #1xbet공식사이트, #라이브카지노",1XBET 66,@1xbet66,2024-10-27T12:54:45.000Z,2024-10-28T03:13:44.134356,0,0,0
1850507386311897589,"오... 트위터 하나 좋아졌네
컴트로는 12시간 전의 탐라도 확인 가능.......

폰으로는 끽해야 3시간 전까지만 볼 수 있더만

탐라 몰아서 체크하기에 딱 좋구만",라이브 바카라,@Livebakara,2024-10-27T11:58:36.000Z,2024-10-28T03:13:44.167489,0,0,0
1850503319531450409,"헉 저번달에 야끼소바에 곁들여 먹었던 마요네즈 유통기한이 7개월 정도 지났었군.......

그래도 먹었는데 별다른 배탈 났던 기억 없는거 보면 마요네즈는 냉장보관 해두면 별로 안상하나보네 
다행... 

그래도 일단 발견은 했으니 버리는걸로",라이브 바카라,@Livebakara,2024-10-27T11:42:26.000Z,2024-10-28T03:13:46.973910,0,0,0
1850491375873339506,"풋—
역시 에버짱은 배신하지 않을줄 알았어.. 마다 바카라니깐",마늘인데똥싸고말까지한다고?이마늘고능하다,@e1683551417,2024-10-27T10:54:59.000Z,2024-10-28T03:13:47.003647,0,0,1
1850488405559296319,"【 http://ORN777.com  가입코드 7777 】
카지노1등 오리진!!
철새들의 안식처~!  orngin 
카지노&슬롯머신&미니게임&이벤트 등 다양한 혜택제공
타 업체 비교불과!!",에볼루션 바카라,@Ebollusyeo17812,2024-10-27T10:43:10.000Z,2024-10-28T03:13:47.032831,0,0,0
1850487906609365365,"놀아달라고 쫒아다니는 아동을 여자들이 폭행했다는 글에도 스토킹하는 한남유충 잘때렸다고 칭찬하는 글이 몇천알티씩 타는 오늘의 트위터....

대한민국의 미래는 밝구나",라이브 바카라,@Livebakara,2024-10-27T10:41:11.000Z,2024-10-28T03:13:47.061131,0,1,0
1850471213929574551,윀원이 내 바카라6도 빼앗아갔어 미친것,윤병,@yoonbyung_7997,2024-10-27T09:34:52.000Z,2024-10-28T03:13:53.936751,1,0,7
1850454124971856364,"╲⎝<꽁머니정보공유>⎠╱가입즉시3만꽁온라인카지노정품본사직영게임API카지노
 구글검색 : 스카이파크 
 구글검색 : 스카이파크 

가입꽁 5000원 전원지급
 무료리필시간도 2시간마다 가능
(2시간마다  3000원씩) 
바카라사이트 #온라인카지노 #실시간카지노",장원영,@WonYeong90686,2024-10-27T08:26:57.000Z,2024-10-28T03:13:53.966906,0,0,0
1850452576375869950,필승 전략 바카라 시스템 베팅을 위한 안내서,먹튀검증토토,@etacm1,2024-10-27T08:20:48.000Z,2024-10-28T03:13:53.995221,0,0,0
1850452275610681490,안전한 환전을 위한 바카라 안내서,먹튀검증토토,@etacm1,2024-10-27T08:19:36.000Z,2024-10-28T03:13:54.024881,0,0,0
